{"cameraMode":{"drawMode":0,"name":"Shaded","section":"Shading Mode"},"sceneLighting":false,"audioPlay":false,"sceneViewState":{"m_AlwaysRefresh":false,"showFog":false,"showSkybox":false,"showFlares":false,"showImageEffects":false,"showParticleSystems":false,"showVisualEffectGraphs":true,"m_FxEnabled":true},"in2DMode":false,"pivot":{"x":1.7881393432617188e-7,"y":0.8423444032669067,"z":0.02763304114341736},"rotation":{"x":0.33367541432380679,"y":-0.5838871598243713,"z":0.28529810905456545,"w":0.6828977465629578},"size":1.123968243598938,"orthographic":false}